<addon 
	id="plugin.instalador.remod" 
	name="ReMod Instalador" 
	version="25.10.26.0" 
	provider-name="Saratoga">
	<requires>
		<import addon="xbmc.python" version="3.0.1"/>
	</requires>
	<extension point="xbmc.python.pluginsource" library="addon.py">
		<provides>executable</provides>
	</extension>
	<extension point="xbmc.addon.metadata">
		<summary>ReMod Instalador</summary>
		<description>Instala tus addons favoritos</description>
		<license></license>
		<platform>all</platform>
		<website></website>
		<news></news>
        <assets>
			<icon>recursos/imagenes/icono.png</icon>
			<fanart>recursos/imagenes/poster.png</fanart>
		</assets>
	</extension>
</addon>