{
  "fue1": {
    "url": "https://ipfs.io/ipns/k2k4r8oqlcjxsritt5mczkcn4mmvcmymbqw7113fz2flkrerfwfps004/data/listas/lista_iptv.m3u"
  },
  "fue2": {
    "url": "https://ipfs.io/ipns/k2k4r8oqlcjxsritt5mczkcn4mmvcmymbqw7113fz2flkrerfwfps004/data/listas/lista_fuera_iptv.m3u"
  },
  "fue3": {
    "url": "https://ipfs.io/ipns/k2k4r8oqlcjxsritt5mczkcn4mmvcmymbqw7113fz2flkrerfwfps004/data/listas/lista_kodi.m3u"
  },
  "fue4": {
    "url": "https://raw.githubusercontent.com/Saratoga79/saratoga79.github.io/refs/heads/master/rm/rm"
  },
  "fue5": {
    "url": "https://tvpass.org/playlist/m3u"
  },
  "fue6": {
    "url": "https://raw.githubusercontent.com/yIsus-mEx/AF1CIONADOS/refs/heads/main/Acestream.iDs.m3u"
  },
  "fue7": {
    "url": "https://raw.githubusercontent.com/ezdakit/zukzeuk_listas/refs/heads/main/zz_eventos/zz_eventos_all_ott.m3u"
  },
  "fue8": {
    "url": "https://www.google.com"
  },
  "fue9": {
    "url": "https://www.google.com"
  },
  "fue10": {
    "url": "https://www.google.com"
  },
  "fue11": {
    "url": "https://k2k4r8oqlcjxsritt5mczkcn4mmvcmymbqw7113fz2flkrerfwfps004.ipns.dweb.link/data/listas/lista_iptv.m3u"
  },
  "fue12": {
    "url": "https://k2k4r8oqlcjxsritt5mczkcn4mmvcmymbqw7113fz2flkrerfwfps004.ipns.dweb.link/data/listas/lista_fuera_iptv.m3u"
  },
  "fue13": {
    "url": "https://k2k4r8oqlcjxsritt5mczkcn4mmvcmymbqw7113fz2flkrerfwfps004.ipns.dweb.link/data/listas/lista_kodi.m3u"
  }
}