<addon id="plugin.program.remodtv" name="ReMod TV" version="25.10.15.2" provider-name="Saratoga">
	<requires>
		<import addon="xbmc.python" version="3.0.0"/>
	</requires>
	<extension point="xbmc.python.pluginsource" library="addon.py">
		<provides>executable</provides>
	</extension>
	<!-- <extension point="xbmc.service" library="autoexec.py"> -->
		<!-- <provides></provides> -->
	<!-- </extension> -->
	<extension point="xbmc.addon.metadata">
		<summary lang="es_ES">ReMod TV</summary>
		<description lang="es_ES">Instala y configura ReMod TV</description>
		<license></license>
		<platform>all</platform>
		<website></website>
		<news>Primera versión 25.10.14</news>
        <assets>
			<icon>recursos/imagenes/icono.png</icon>
			<fanart>recursos/imagenes/poster.png</fanart>
		</assets>
	</extension>
</addon>