<addon 
	id="plugin.program.remodtv"
	name="ReMod TV"
	version="25.10.22.1"
	provider-name="Saratoga">
	<requires>
		<import addon="xbmc.python" version="3.0.0"/>
	</requires>
	<extension point="xbmc.python.pluginsource" library="addon.py">
		<provides>executable</provides>
	</extension>
	<extension point="xbmc.addon.metadata">
		<summary>ReModTV</summary>
		<description>Instala y configura ReModTV</description>
		<license></license>
		<platform>all</platform>
		<website></website>
		<news></news>
        <assets>
			<icon>recursos/imagenes/icono.png</icon>
			<fanart>recursos/imagenes/poster.png</fanart>
		</assets>
	</extension>
</addon>